von;datum_von;cluster_von;titel_von;nach;datum_nach;cluster_nach;titel_nach;konfidenz;label;cross_cluster;review_status;kommentar
jenseits-von-maastricht-wie-europa-an-souveraenitaet-gewinnen-kann;11.07.2024;ausland;Jenseits von Maastricht: Wie Europa an Souveränität gewinnen kann;weiterentwicklung-europaeische-fiskalregeln;05.05.2022;fiskalpolitik;Zur Weiterentwicklung der europäischen Fiskalregeln;hoch;jenseits-von-maastricht-wie-europa-an-souveraenitaet-gewinnen-kann;ja;;
europas-truempfe-gegen-trump;12.02.2026;ausland;Europas Trümpfe gegen Trump;die-folgen-einer-euro-internationalisierung;14.11.2025;geldpolitik und anleihemärkte;Die Folgen einer Euro-Internationalisierung;hoch;europas-truempfe-gegen-trump;ja;;
europas-truempfe-gegen-trump;12.02.2026;ausland;Europas Trümpfe gegen Trump;die-zukunft-energieintensiver-industrien;01.03.2023;wirtschaftspolitik;Die Zukunft energieintensiver Industrien - Zwischenbericht Industrieprojekt;hoch;die-zukunft-energieintensiver-industrien;ja;;
europas-truempfe-gegen-trump;12.02.2026;ausland;Europas Trümpfe gegen Trump;jenseits-von-maastricht-wie-europa-an-souveraenitaet-gewinnen-kann;11.07.2024;ausland;Jenseits von Maastricht: Wie Europa an Souveränität gewinnen kann;hoch;jenseits-von-maastricht-wie-europa-an-souveraenitaet-gewinnen-kann;nein;;
eine-neue-deutsche-finanzpolitik;01.06.2021;fiskalpolitik;Eine neue deutsche Finanzpolitik;ein-kommunales-investitionsprogramm-fuer-das-naechste-jahrzehnt;14.04.2021;haushalt;Ein kommunales Investitionsprogramm für das nächste Jahrzehnt;hoch;Eine neue deutsche Finanzpolitik;ja;;
was-kosten-unsere-schulden;01.04.2021;geldpolitik und anleihemärkte;Was kosten unsere Schulden? Der Gegenwartswert deutscher Staatsschulden;eine-neue-deutsche-finanzpolitik;01.06.2021;fiskalpolitik;Eine neue deutsche Finanzpolitik;hoch;Eine neue deutsche Finanzpolitik;ja;;
warum-die-konjunkturkomponente-ihren-zweck-nicht-mehr-erfuellt;01.08.2021;fiskalpolitik;Warum die Konjunkturkomponente ihren Zweck nicht mehr erfüllt;eine-neue-deutsche-finanzpolitik;01.06.2021;fiskalpolitik;Eine neue deutsche Finanzpolitik;hoch;Warum die Konjunkturkomponente ihren Zweck nicht mehr erfüllt;nein;;
rechtsgutachten-konjunkturkomponente;01.11.2021;fiskalpolitik;Rechtsgutachten zur Konjunkturkomponente;warum-die-konjunkturkomponente-ihren-zweck-nicht-mehr-erfuellt;01.08.2021;fiskalpolitik;Warum die Konjunkturkomponente ihren Zweck nicht mehr erfüllt;hoch;Warum die Konjunkturkomponente ihren Zweck nicht mehr erfüllt;nein;;
weiterentwicklung-europaeische-fiskalregeln;05.05.2022;fiskalpolitik;Zur Weiterentwicklung der europäischen Fiskalregeln;eine-neue-deutsche-finanzpolitik;01.06.2021;fiskalpolitik;Eine neue deutsche Finanzpolitik;;;nein;;
statement-european-parliamentary-week-2023;28.02.2023;fiskalpolitik;Reforming EU economic governance - Statement at the European Parliamentary Week 2023;weiterentwicklung-europaeische-fiskalregeln;05.05.2022;fiskalpolitik;Zur Weiterentwicklung der europäischen Fiskalregeln;hoch;weiterentwicklung-europaeische-fiskalregeln;nein;;
staatsverschuldung-monetaere-architektur-preussen-1740-1914;28.07.2023;fiskalpolitik;Staatsverschuldung und Transformation der monetaeren Architektur in Preussen und dem Deutschen Kaiserreich 1740-1914;bundeswertpapiere-zollstock-taschenmesser-goldbarren;21.09.2021;geldpolitik und anleihemärkte;Bundeswertpapiere: Zollstock, Taschenmesser, Goldbarren;hoch;bundeswertpapiere-zollstock-taschenmesser-goldbarren;ja;;
die-deutsche-schuldenquote-liegt-bei-47-prozent;30.05.2024;fiskalpolitik;Die deutsche Schuldenquote liegt bei 47 Prozent;weiterentwicklung-europaeische-fiskalregeln;05.05.2022;fiskalpolitik;Zur Weiterentwicklung der europäischen Fiskalregeln;;;nein;;
eine-oekonomisch-sinnvolle-schuldenregel;25.02.2025;fiskalpolitik;Eine ökonomisch sinnvolle Schuldenregel;modernisierung-deutschlands-finanzieren;01.09.2024;haushalt;Wie wir die Modernisierung Deutschlands finanzieren;hoch;modernisierung-deutschlands-finanzieren;ja;;
eine-oekonomisch-sinnvolle-schuldenregel;25.02.2025;fiskalpolitik;Eine ökonomisch sinnvolle Schuldenregel;warum-die-konjunkturkomponente-ihren-zweck-nicht-mehr-erfuellt;01.08.2021;fiskalpolitik;Warum die Konjunkturkomponente ihren Zweck nicht mehr erfüllt;hoch;warum-die-konjunkturkomponente-ihren-zweck-nicht-mehr-erfuellt;nein;;
ausgaben-fuer-die-dekarbonisierung;08.09.2021;haushalt;Ausgaben für die Dekarbonisierung;eine-neue-deutsche-finanzpolitik;01.06.2021;fiskalpolitik;Eine neue deutsche Finanzpolitik;;;ja;;
klimaausgaben-in-schuldenregel;05.03.2025;fiskalpolitik;Wie sich Klimaausgaben in einer ökonomisch sinnvollen Schuldenregel berücksichtigen lassen;eine-oekonomisch-sinnvolle-schuldenregel;25.02.2025;fiskalpolitik;Eine ökonomisch sinnvolle Schuldenregel;hoch;eine-oekonomisch-sinnvolle-schuldenregel;nein;;
klimaausgaben-in-schuldenregel;05.03.2025;fiskalpolitik;Wie sich Klimaausgaben in einer ökonomisch sinnvollen Schuldenregel berücksichtigen lassen;the-baseline-is-wrong;25.04.2025;fiskalpolitik;The baseline is wrong: How debt sustainability analyses used in the EU ignore climate change;hoch;weiterentwicklung-europaeische-fiskalregeln;nein;;
the-baseline-is-wrong;25.04.2025;fiskalpolitik;The baseline is wrong: How debt sustainability analyses used in the EU ignore climate change;statement-european-parliamentary-week-2023;28.02.2023;fiskalpolitik;Reforming EU economic governance - Statement at the European Parliamentary Week 2023;hoch;ausgaben-fuer-die-dekarbonisierung;nein;;
eine-agenda-fuer-die-expertenkommission-zur-schuldenbremse;12.06.2025;fiskalpolitik;Eine Agenda für die Expertenkommission zur Schuldenbremse;eine-oekonomisch-sinnvolle-schuldenregel;25.02.2025;fiskalpolitik;Eine ökonomisch sinnvolle Schuldenregel;hoch;eine-oekonomisch-sinnvolle-schuldenregel;nein;;
potenzialwachstum-im-koalitionsvertrag;10.04.2025;makro;Wie viel Potenzialwachstum steckt im Koalitionsvertrag?;eine-oekonomisch-sinnvolle-schuldenregel;25.02.2025;fiskalpolitik;Eine ökonomisch sinnvolle Schuldenregel;;;ja;;
finanzpolitische-vorschlaege-fuer-die-21-legislaturperiode;28.02.2025;haushalt;Finanzpolitische Vorschläge für die 21. Legislaturperiode;potenzialwachstum-im-koalitionsvertrag;10.04.2025;makro;Wie viel Potenzialwachstum steckt im Koalitionsvertrag?;hoch;finanzpolitische-vorschlaege-fuer-die-21-legislaturperiode;ja;;
normative-wertungen-potenzialschaetzung;18.11.2025;fiskalpolitik;Zur Berücksichtigung normativer Wertungen im Verfahren der Potenzialschätzung;rechtsgutachten-konjunkturkomponente;01.11.2021;fiskalpolitik;Rechtsgutachten zur Konjunkturkomponente;hoch;rechtsgutachten-konjunkturkomponente;nein;;
bundeswertpapiere-zollstock-taschenmesser-goldbarren;21.09.2021;geldpolitik und anleihemärkte;Bundeswertpapiere: Zollstock, Taschenmesser, Goldbarren;was-kosten-unsere-schulden;01.04.2021;geldpolitik und anleihemärkte;Was kosten unsere Schulden? Der Gegenwartswert deutscher Staatsschulden;hoch;Was kosten unsere Schulden;nein;;
geldpolitische-implementierung-im-wandel;31.05.2022;geldpolitik und anleihemärkte;Geldpolitische Implementierung im Wandel;bundeswertpapiere-zollstock-taschenmesser-goldbarren;21.09.2021;geldpolitik und anleihemärkte;Bundeswertpapiere: Zollstock, Taschenmesser, Goldbarren;;;nein;;
zinsen-statt-geldmenge;14.10.2022;geldpolitik und anleihemärkte;Zinsen statt Geldmenge;geldpolitische-implementierung-im-wandel;31.05.2022;geldpolitik und anleihemärkte;Geldpolitische Implementierung im Wandel;hoch;zinsen-statt-geldmenge;nein;;
gesunde-oeffentliche-finanzen-im-europarecht;30.11.2022;geldpolitik und anleihemärkte;Gesunde oeffentliche Finanzen im Europarecht;zinsen-statt-geldmenge;14.10.2022;geldpolitik und anleihemärkte;Zinsen statt Geldmenge;hoch;weiterentwicklung-europaeische-fiskalregeln;nein;;
overcoming-myopia-ecb-2025-strategy-review;05.05.2025;geldpolitik und anleihemärkte;Overcoming myopia in the ECB's 2025 monetary policy strategy review;gesunde-oeffentliche-finanzen-im-europarecht;30.11.2022;geldpolitik und anleihemärkte;Gesunde oeffentliche Finanzen im Europarecht;;;nein;;
spreads-auf-staatsanleihezinsen-ezb-eurozone;26.07.2023;geldpolitik und anleihemärkte;Spreads auf Staatsanleihezinsen, der EZB-Sicherheitenrahmen und Peripheriepraemien in der Eurozone;weiterentwicklung-europaeische-fiskalregeln;05.05.2022;fiskalpolitik;Zur Weiterentwicklung der europäischen Fiskalregeln;hoch;weiterentwicklung-europaeische-fiskalregeln;ja;;
applaus-statt-schlagstock-finanzmarktreaktion-fiskalpaket;12.03.2025;geldpolitik und anleihemärkte;Applaus statt Schlagstock - Reaktion der Finanzmaerkte auf das Fiskalpaket;spreads-auf-staatsanleihezinsen-ezb-eurozone;26.07.2023;geldpolitik und anleihemärkte;Spreads auf Staatsanleihezinsen, der EZB-Sicherheitenrahmen und Peripheriepraemien in der Eurozone;hoch;eine-oekonomisch-sinnvolle-schuldenregel;nein;;
overcoming-myopia-ecb-2025-strategy-review;05.05.2025;geldpolitik und anleihemärkte;Overcoming myopia in the ECB's 2025 monetary policy strategy review;zinsen-statt-geldmenge;14.10.2022;geldpolitik und anleihemärkte;Zinsen statt Geldmenge;hoch;geldpolitische-implementierung-im-wandel;nein;;
die-folgen-einer-euro-internationalisierung;14.11.2025;geldpolitik und anleihemärkte;Die Folgen einer Euro-Internationalisierung;overcoming-myopia-ecb-2025-strategy-review;05.05.2025;geldpolitik und anleihemärkte;Overcoming myopia in the ECB's 2025 monetary policy strategy review;hoch;jenseits-von-maastricht-wie-europa-an-souveraenitaet-gewinnen-kann;nein;;
zinserhoehungen-wirken-weniger-als-erwartet;10.02.2026;geldpolitik und anleihemärkte;Zinserhöhungen wirken weniger als erwartet;overcoming-myopia-ecb-2025-strategy-review;05.05.2025;geldpolitik und anleihemärkte;Overcoming myopia in the ECB's 2025 monetary policy strategy review;hoch;overcoming-myopia-ecb-2025-strategy-review;nein;;
kommunale-klimaschutzinvestitionen-und-deren-finanzierung;28.07.2022;haushalt;Kommunale Klimaschutzinvestitionen und deren Finanzierung;ausgaben-fuer-die-dekarbonisierung;08.09.2021;haushalt;Ausgaben für die Dekarbonisierung;hoch;ausgaben-fuer-die-dekarbonisierung;nein;;
ein-kommunales-investitionsprogramm-fuer-das-naechste-jahrzehnt;14.04.2021;haushalt;Ein kommunales Investitionsprogramm für das nächste Jahrzehnt;eine-neue-deutsche-finanzpolitik;01.06.2021;fiskalpolitik;Eine neue deutsche Finanzpolitik;;;ja;;
bahn-strassen-finanzieren-ohne-schuldenbremse;09.07.2024;haushalt;Wie wir Bahn und Straßen finanzieren - ohne die Schuldenbremse zu ändern;eine-neue-deutsche-finanzpolitik;01.06.2021;fiskalpolitik;Eine neue deutsche Finanzpolitik;hoch;die-deutsche-schuldenquote-liegt-bei-47-prozent;ja;;
modernisierung-deutschlands-finanzieren;01.09.2024;haushalt;Wie wir die Modernisierung Deutschlands finanzieren;was-kostet-eine-sichere-lebenswerte-und-nachhaltige-zukunft;30.09.2024;haushalt;Was kostet eine sichere, lebenswerte und nachhaltige Zukunft? Öffentliche Finanzbedarfe für die Modernisierung Deutschlands;hoch;bahn-strassen-finanzieren-ohne-schuldenbremse;nein;;
modernisierung-deutschlands-finanzieren;01.09.2024;haushalt;Wie wir die Modernisierung Deutschlands finanzieren;eine-neue-deutsche-finanzpolitik;01.06.2021;fiskalpolitik;Eine neue deutsche Finanzpolitik;hoch;eine-neue-deutsche-finanzpolitik;ja;;
was-kostet-eine-sichere-lebenswerte-und-nachhaltige-zukunft;30.09.2024;haushalt;Was kostet eine sichere, lebenswerte und nachhaltige Zukunft? Öffentliche Finanzbedarfe für die Modernisierung Deutschlands;kommunale-klimaschutzinvestitionen-und-deren-finanzierung;28.07.2022;haushalt;Kommunale Klimaschutzinvestitionen und deren Finanzierung;hoch;modernisierung-deutschlands-finanzieren;nein;;
finanzpolitische-vorschlaege-fuer-die-21-legislaturperiode;28.02.2025;haushalt;Finanzpolitische Vorschläge für die 21. Legislaturperiode;reform-der-einkommensteuer;21.01.2025;makro;Reform der Einkommensteuer - Vorschlaege aus den Wahlprogrammen, ihre Kosten und Wachstumseffekte;hoch;reform-der-einkommensteuer;ja;;
reform-der-einkommensteuer;21.01.2025;makro;Reform der Einkommensteuer - Vorschlaege aus den Wahlprogrammen, ihre Kosten und Wachstumseffekte;warum-die-konjunkturkomponente-ihren-zweck-nicht-mehr-erfuellt;01.08.2021;fiskalpolitik;Warum die Konjunkturkomponente ihren Zweck nicht mehr erfüllt;;;ja;;
bedarf-von-700-milliarden-euro-verteidigung-bis-2040;26.03.2025;haushalt;Bedarf von 700 Milliarden Euro - Was uns Verteidigung bis 2040 kostet;was-kostet-eine-sichere-lebenswerte-und-nachhaltige-zukunft;30.09.2024;haushalt;Was kostet eine sichere, lebenswerte und nachhaltige Zukunft? Öffentliche Finanzbedarfe für die Modernisierung Deutschlands;hoch;bedarf-von-700-milliarden-euro-verteidigung-bis-2040;nein;;
entgleist;22.05.2025;haushalt;Entgleist: Wie eine intransparente und komplexe Finanzierungsstruktur die Kosten der Schiene in die Höhe treibt;was-kostet-eine-sichere-lebenswerte-und-nachhaltige-zukunft;30.09.2024;haushalt;Was kostet eine sichere, lebenswerte und nachhaltige Zukunft? Öffentliche Finanzbedarfe für die Modernisierung Deutschlands;hoch;bahn-strassen-finanzieren-ohne-schuldenbremse;nein;;
nur-3-prozent-spielraum;07.07.2025;haushalt;Nur 3% Spielraum - Warum der Bundeshaushalt reformiert werden sollte und wie;eine-agenda-fuer-die-expertenkommission-zur-schuldenbremse;12.06.2025;fiskalpolitik;Eine Agenda für die Expertenkommission zur Schuldenbremse;hoch;eine-agenda-fuer-die-expertenkommission-zur-schuldenbremse;ja;;
zero-fiscal-space;04.09.2025;haushalt;Zero Fiscal Space: Why the German federal budget should be reformed - and how;nur-3-prozent-spielraum;07.07.2025;haushalt;Nur 3% Spielraum - Warum der Bundeshaushalt reformiert werden sollte und wie;hoch;eine-agenda-fuer-die-expertenkommission-zur-schuldenbremse;nein;;
eckpunkte-fuer-die-finanzierung-eines-zukunftsfaehigen-verkehrssystems;01.11.2025;haushalt;Eckpunkte für die Finanzierung eines zukunftsfähigen Verkehrssystems;entgleist;22.05.2025;haushalt;Entgleist: Wie eine intransparente und komplexe Finanzierungsstruktur die Kosten der Schiene in die Höhe treibt;hoch;eckpunkte-fuer-die-finanzierung-eines-zukunftsfaehigen-verkehrssystems;nein;;
5-milliarden-spielraum-im-sozialstaat-gewinnen;28.01.2026;haushalt;5 Milliarden Spielraum im Sozialstaat gewinnen;finanzpolitische-vorschlaege-fuer-die-21-legislaturperiode;28.02.2025;haushalt;Finanzpolitische Vorschläge für die 21. Legislaturperiode;hoch;5-milliarden-spielraum-im-sozialstaat-gewinnen;nein;;
sozialstaatsreform-sparen-ohne-kuerzen;29.01.2026;haushalt;Sozialstaatsreform: Sparen ohne Kürzen?;5-milliarden-spielraum-im-sozialstaat-gewinnen;28.01.2026;haushalt;5 Milliarden Spielraum im Sozialstaat gewinnen;hoch;sozialstaatsreform-sparen-ohne-kuerzen;nein;;
wie-viel-bang-for-the-buck-steckt-in-subventionen;05.02.2026;haushalt;Wie viel Bang for the Buck steckt in Subventionen?;implikationen-langfristiger-energiekostenunterschiede-fuer-energieintensive-industrien-und-den-wirtsc;01.08.2023;wirtschaftspolitik;Implikationen langfristiger Energiekostenunterschiede für energieintensive Industrien und den Wirtschaftsstandort Deutschland;hoch;wie-viel-bang-for-the-buck-steckt-in-subventionen;ja;;
stromsubvention-als-konjunkturpolitik;23.06.2025;wirtschaftspolitik;Stromsubvention als Konjunkturpolitik: Ökonomische Erwägungen zum geplanten Strompreispaket;finanzpolitische-vorschlaege-fuer-die-21-legislaturperiode;28.02.2025;haushalt;Finanzpolitische Vorschläge für die 21. Legislaturperiode;;;ja;;
der-sanierungskostendeckel;20.02.2026;haushalt;Der Sanierungskostendeckel;was-kostet-eine-sichere-lebenswerte-und-nachhaltige-zukunft;30.09.2024;haushalt;Was kostet eine sichere, lebenswerte und nachhaltige Zukunft? Öffentliche Finanzbedarfe für die Modernisierung Deutschlands;hoch;ausgaben-fuer-die-dekarbonisierung;nein;;
das-bildungsfinanzgeflecht;26.02.2026;haushalt;Das Bildungsfinanzgeflecht;was-kostet-eine-sichere-lebenswerte-und-nachhaltige-zukunft;30.09.2024;haushalt;Was kostet eine sichere, lebenswerte und nachhaltige Zukunft? Öffentliche Finanzbedarfe für die Modernisierung Deutschlands;;;nein;;
bildungsfinanzchaos-wer-bestellt-bezahlt-meist-nicht;26.02.2026;haushalt;Bildungsfinanzchaos: Wer bestellt, bezahlt meist nicht;das-bildungsfinanzgeflecht;26.02.2026;haushalt;Das Bildungsfinanzgeflecht;hoch;das-bildungsfinanzgeflecht;nein;;
bundeshaushaltsmonitor-2026;31.03.2026;haushalt;Bundeshaushaltsmonitor 2026;bedarf-von-700-milliarden-euro-verteidigung-bis-2040;26.03.2025;haushalt;Bedarf von 700 Milliarden Euro - Was uns Verteidigung bis 2040 kostet;hoch;bundeshaushaltsmonitor-2026;nein;;
bundeshaushaltsmonitor-2026;31.03.2026;haushalt;Bundeshaushaltsmonitor 2026;der-sanierungskostendeckel;20.02.2026;haushalt;Der Sanierungskostendeckel;hoch;der-sanierungskostendeckel;nein;;
bundeshaushaltsmonitor-2026;31.03.2026;haushalt;Bundeshaushaltsmonitor 2026;effekte-staatlicher-beteiligungen-auf-den-stromnetzausbau;01.12.2024;infra;Effekte staatlicher Beteiligungen auf den Stromübertragungsnetzausbau;hoch;effekte-staatlicher-beteiligungen-auf-den-stromnetzausbau;ja;;
bundeshaushaltsmonitor-2026;31.03.2026;haushalt;Bundeshaushaltsmonitor 2026;eine-oekonomisch-sinnvolle-schuldenregel;25.02.2025;fiskalpolitik;Eine ökonomisch sinnvolle Schuldenregel;hoch;eine-oekonomisch-sinnvolle-schuldenregel;ja;;
bundeshaushaltsmonitor-2026;31.03.2026;haushalt;Bundeshaushaltsmonitor 2026;reform-der-einkommensteuer;21.01.2025;makro;Reform der Einkommensteuer - Vorschlaege aus den Wahlprogrammen, ihre Kosten und Wachstumseffekte;hoch;reform-der-einkommensteuer;ja;;
bundeshaushaltsmonitor-2026;31.03.2026;haushalt;Bundeshaushaltsmonitor 2026;sozialstaatsreform-sparen-ohne-kuerzen;29.01.2026;haushalt;Sozialstaatsreform: Sparen ohne Kürzen?;hoch;sozialstaatsreform-sparen-ohne-kuerzen;nein;;
effekte-staatlicher-beteiligungen-auf-den-stromnetzausbau;01.12.2024;infra;Effekte staatlicher Beteiligungen auf den Stromübertragungsnetzausbau;was-kostet-eine-sichere-lebenswerte-und-nachhaltige-zukunft;30.09.2024;haushalt;Was kostet eine sichere, lebenswerte und nachhaltige Zukunft? Öffentliche Finanzbedarfe für die Modernisierung Deutschlands;;;ja;;
eine-kurze-fiskalgeschichte-der-deutschen-wohnungspolitik;31.03.2026;haushalt;Eine kurze Fiskalgeschichte der deutschen Wohnungspolitik;was-kostet-eine-sichere-lebenswerte-und-nachhaltige-zukunft;30.09.2024;haushalt;Was kostet eine sichere, lebenswerte und nachhaltige Zukunft? Öffentliche Finanzbedarfe für die Modernisierung Deutschlands;;;nein;;
wohnungspolitik-in-einer-teuren-sackgasse;31.03.2026;haushalt;Wohnungspolitik in einer teuren Sackgasse;eine-kurze-fiskalgeschichte-der-deutschen-wohnungspolitik;31.03.2026;haushalt;Eine kurze Fiskalgeschichte der deutschen Wohnungspolitik;hoch;eine-kurze-fiskalgeschichte-der-deutschen-wohnungspolitik;nein;;
reformen-brauchen-kitas;16.04.2026;haushalt;Reformen brauchen Kitas;wer-reformen-will-muss-kitas-bauen;16.04.2026;haushalt;Wer Reformen will, muss Kitas bauen;hoch;bundeshaushaltsmonitor-2026;nein;;
wer-reformen-will-muss-kitas-bauen;16.04.2026;haushalt;Wer Reformen will, muss Kitas bauen;das-bildungsfinanzgeflecht;26.02.2026;haushalt;Das Bildungsfinanzgeflecht;hoch;wer-reformen-will-muss-kitas-bauen;nein;;
investitionen-in-eine-zukunftsfaehige-daseinsvorsorge;01.01.2025;infra;Investitionen in eine zukunftsfähige Daseinsvorsorge: Von kleinen Stadtwerken bis zum Konzern;stromnetzausbau-kapital-mobilisieren-netzentgelte-reduzieren;03.06.2025;infra;Stromnetzausbau: Kapital mobilisieren, Netzentgelte reduzieren;hoch;ein-kommunales-investitionsprogramm-fuer-das-naechste-jahrzehnt;nein;;
stromnetzausbau-kapital-mobilisieren-netzentgelte-reduzieren;03.06.2025;infra;Stromnetzausbau: Kapital mobilisieren, Netzentgelte reduzieren;effekte-staatlicher-beteiligungen-auf-den-stromnetzausbau;01.12.2024;infra;Effekte staatlicher Beteiligungen auf den Stromübertragungsnetzausbau;hoch;stromnetzausbau-kapital-mobilisieren-netzentgelte-reduzieren;nein;;
was-taugt-der-deutschlandfonds;22.01.2026;infra;Was taugt der Deutschlandfonds?;investitionen-in-eine-zukunftsfaehige-daseinsvorsorge;01.01.2025;infra;Investitionen in eine zukunftsfähige Daseinsvorsorge: Von kleinen Stadtwerken bis zum Konzern;hoch;was-taugt-der-deutschlandfonds;nein;;
eigenkapital-fuer-die-energiewende;22.04.2026;infra;Eigenkapital für die Energiewende;investitionen-in-eine-zukunftsfaehige-daseinsvorsorge;01.01.2025;infra;Investitionen in eine zukunftsfähige Daseinsvorsorge: Von kleinen Stadtwerken bis zum Konzern;hoch;investitionen-in-eine-zukunftsfaehige-daseinsvorsorge;nein;;
alle-versorger-versorgen-ein-deutschland-standard-fuer-die-energiewende;23.04.2026;infra;Alle Versorger versorgen: ein Deutschland-Standard für die Energiewende;eigenkapital-fuer-die-energiewende;22.04.2026;infra;Eigenkapital für die Energiewende;hoch;alle-versorger-versorgen-ein-deutschland-standard-fuer-die-energiewende;nein;;
die-arbeitsmarktampel;15.06.2022;makro;Die Arbeitsmarktampel;eine-neue-deutsche-finanzpolitik;01.06.2021;fiskalpolitik;Eine neue deutsche Finanzpolitik;;;ja;;
wie-sieht-ein-guter-arbeitsmarkt-aus;23.06.2022;makro;Wie sieht ein guter Arbeitsmarkt aus? Indikatoren für einen Perspektivwechsel;die-arbeitsmarktampel;15.06.2022;makro;Die Arbeitsmarktampel;hoch;wie-sieht-ein-guter-arbeitsmarkt-aus;nein;;
wirtschaftliche-mehrkosten-durch-energiepreisanstiege;17.03.2022;makro;Wirtschaftliche Mehrkosten durch Energiepreisanstiege: eine Schätzung;zinsen-statt-geldmenge;14.10.2022;geldpolitik und anleihemärkte;Zinsen statt Geldmenge;;;ja;;
gaspreisbremse-transparenz;28.10.2022;makro;Wieso es möglichst bald eine möglichst transparente Gaspreisbremse braucht;wirtschaftliche-mehrkosten-durch-energiepreisanstiege;17.03.2022;makro;Wirtschaftliche Mehrkosten durch Energiepreisanstiege: eine Schätzung;hoch;wirtschaftliche-mehrkosten-durch-energiepreisanstiege;nein;;
italiens-stagnation-verstehen;11.05.2023;makro;Italiens Stagnation verstehen;weiterentwicklung-europaeische-fiskalregeln;05.05.2022;fiskalpolitik;Zur Weiterentwicklung der europäischen Fiskalregeln;hoch;weiterentwicklung-europaeische-fiskalregeln;ja;;
16-gruende-fuer-schnelles-handeln-kipppunkte-und-klimapolitik;07.06.2023;makro;16 Gruende fuer schnelles Handeln - Kipppunkte und Klimapolitik;ausgaben-fuer-die-dekarbonisierung;08.09.2021;haushalt;Ausgaben für die Dekarbonisierung;hoch;ausgaben-fuer-die-dekarbonisierung;ja;;
fossil-fuel-to-the-fire;21.11.2023;makro;Fossil Fuel to the Fire: Energy and Inflation in Europe;wirtschaftliche-mehrkosten-durch-energiepreisanstiege;17.03.2022;makro;Wirtschaftliche Mehrkosten durch Energiepreisanstiege: eine Schätzung;hoch;wirtschaftliche-mehrkosten-durch-energiepreisanstiege;nein;;
belastungswirkung-von-klimapolitik;08.05.2024;makro;Belastungswirkung von Klimapolitik - Impulse fuer ein umfassendes Verstaendnis;16-gruende-fuer-schnelles-handeln-kipppunkte-und-klimapolitik;07.06.2023;makro;16 Gruende fuer schnelles Handeln - Kipppunkte und Klimapolitik;hoch;belastungswirkung-von-klimapolitik;nein;;
ambitioniert-aber-vertretbar-einordnung-16-euro-mindestlohn;05.06.2024;makro;Ambitioniert aber vertretbar - Einordnung eines 16-Euro-Mindestlohns;wie-sieht-ein-guter-arbeitsmarkt-aus;23.06.2022;makro;Wie sieht ein guter Arbeitsmarkt aus? Indikatoren für einen Perspektivwechsel;hoch;wie-sieht-ein-guter-arbeitsmarkt-aus;nein;;
booster-fuer-die-konjunktur-krux-arbeitsmarkt;27.06.2025;makro;Booster fuer die Konjunktur aber die Krux bleibt der Arbeitsmarkt;potenzialwachstum-im-koalitionsvertrag;10.04.2025;makro;Wie viel Potenzialwachstum steckt im Koalitionsvertrag?;hoch;booster-fuer-die-konjunktur-krux-arbeitsmarkt;nein;;
das-lebensqualitaetsminimum;01.07.2025;makro;Das Lebensqualitaetsminimum - Neue Orientierung fuer einen angemessenen Lebensstandard;ambitioniert-aber-vertretbar-einordnung-16-euro-mindestlohn;05.06.2024;makro;Ambitioniert aber vertretbar - Einordnung eines 16-Euro-Mindestlohns;hoch;ambitioniert-aber-vertretbar-einordnung-16-euro-mindestlohn;nein;;
us-iran-krieg-inflationsschock-in-der-eu-von-2-prozentpunkten-moeglich;06.03.2026;makro;US-Iran-Krieg – Inflationsschock in der EU von 2 Prozentpunkten möglich;europas-truempfe-gegen-trump;12.02.2026;ausland;Europas Trümpfe gegen Trump;hoch;europas-truempfe-gegen-trump;ja;;
hawkish-winds-wie-zinsen-die-energiewende-treffen;19.03.2026;makro;Hawkish Winds: Wie Zinsen die Energiewende treffen;overcoming-myopia-ecb-2025-strategy-review;05.05.2025;geldpolitik und anleihemärkte;Overcoming myopia in the ECB's 2025 monetary policy strategy review;hoch;overcoming-myopia-ecb-2025-strategy-review;ja;;
emissionshandel-auf-dem-pruefstand;19.11.2021;wirtschaftspolitik;Effektiv und mehrheitsfähig? Der Emissionshandel auf dem Prüfstand;ausgaben-fuer-die-dekarbonisierung;08.09.2021;haushalt;Ausgaben für die Dekarbonisierung;hoch;Ausgaben für die Dekarbonisierung;ja;;
lng-energiesicherheit-und-klimaschutz;22.06.2023;wirtschaftspolitik;LNG, Energiesicherheit und Klimaschutz: Wege aus dem Spannungsfeld;stellungnahme-ausschuss-klimaschutz-energie-bundestag;01.01.2023;wirtschaftspolitik;Stellungnahme vor dem Ausschuss fuer Klimaschutz und Energie des Deutschen Bundestags;hoch;lng-energiesicherheit-und-klimaschutz;nein;;
die-zukunft-energieintensiver-industrien;01.03.2023;wirtschaftspolitik;Die Zukunft energieintensiver Industrien - Zwischenbericht Industrieprojekt;wirtschaftliche-mehrkosten-durch-energiepreisanstiege;17.03.2022;makro;Wirtschaftliche Mehrkosten durch Energiepreisanstiege: eine Schätzung;;;ja;;
implikationen-langfristiger-energiekostenunterschiede-fuer-energieintensive-industrien-und-den-wirtsc;01.08.2023;wirtschaftspolitik;Implikationen langfristiger Energiekostenunterschiede für energieintensive Industrien und den Wirtschaftsstandort Deutschland;die-zukunft-energieintensiver-industrien;01.03.2023;wirtschaftspolitik;Die Zukunft energieintensiver Industrien - Zwischenbericht Industrieprojekt;hoch;implikationen-langfristiger-energiekostenunterschiede-fuer-energieintensive-industrien-und-den-wirtsc;nein;;
intel-magdeburg-analyse-de;17.09.2024;wirtschaftspolitik;Zurecht umstritten: Eine industriepolitische Analyse der Intel-Magdeburg Subvention;die-zukunft-energieintensiver-industrien;01.03.2023;wirtschaftspolitik;Die Zukunft energieintensiver Industrien - Zwischenbericht Industrieprojekt;hoch;wie-sieht-ein-guter-arbeitsmarkt-aus;nein;;
stromsubvention-als-konjunkturpolitik;23.06.2025;wirtschaftspolitik;Stromsubvention als Konjunkturpolitik: Ökonomische Erwägungen zum geplanten Strompreispaket;implikationen-langfristiger-energiekostenunterschiede-fuer-energieintensive-industrien-und-den-wirtsc;01.08.2023;wirtschaftspolitik;Implikationen langfristiger Energiekostenunterschiede für energieintensive Industrien und den Wirtschaftsstandort Deutschland;hoch;effekte-staatlicher-beteiligungen-auf-den-stromnetzausbau;nein;;
comeback-deutschland-industrie-turnarounds;15.01.2026;wirtschaftspolitik;Comeback Deutschland - Industrie-Turnarounds und was wir von ihnen lernen koennen;die-zukunft-energieintensiver-industrien;01.03.2023;wirtschaftspolitik;Die Zukunft energieintensiver Industrien - Zwischenbericht Industrieprojekt;hoch;die-zukunft-energieintensiver-industrien;nein;;
wie-china-markt-fuer-markt-erobert;07.05.2026;wirtschaftspolitik;Wie China Markt für Markt erobert;comeback-deutschland-industrie-turnarounds;15.01.2026;wirtschaftspolitik;Comeback Deutschland - Industrie-Turnarounds und was wir von ihnen lernen koennen;hoch;wie-china-markt-fuer-markt-erobert;nein;;
entgleist;22.05.2025;haushalt;Entgleist: Wie eine intransparente und komplexe Finanzierungsstruktur die Kosten der Schiene in die Höhe treibt;bahn-strassen-finanzieren-ohne-schuldenbremse;09.07.2024;haushalt;Wie wir Bahn und Straßen finanzieren - ohne die Schuldenbremse zu ändern;;;nein;;
reformen-brauchen-kitas;16.04.2026;haushalt;Reformen brauchen Kitas;booster-fuer-die-konjunktur-krux-arbeitsmarkt;27.06.2025;makro;Booster fuer die Konjunktur aber die Krux bleibt der Arbeitsmarkt;;;ja;;
effekte-staatlicher-beteiligungen-auf-den-stromnetzausbau;01.12.2024;infra;Effekte staatlicher Beteiligungen auf den Stromübertragungsnetzausbau;hawkish-winds-wie-zinsen-die-energiewende-treffen;19.03.2026;makro;Hawkish Winds: Wie Zinsen die Energiewende treffen;;;ja;;
comeback-deutschland-industrie-turnarounds;15.01.2026;wirtschaftspolitik;Comeback Deutschland - Industrie-Turnarounds und was wir von ihnen lernen koennen;intel-magdeburg-analyse-de;17.09.2024;wirtschaftspolitik;Zurecht umstritten: Eine industriepolitische Analyse der Intel-Magdeburg Subvention;;;nein;;
alle-versorger-versorgen-ein-deutschland-standard-fuer-die-energiewende;23.04.2026;infra;Alle Versorger versorgen: ein Deutschland-Standard für die Energiewende;was-taugt-der-deutschlandfonds;22.01.2026;infra;Was taugt der Deutschlandfonds?;;;nein;;
warum-die-konjunkturkomponente-ihren-zweck-nicht-mehr-erfuellt;01.08.2021;fiskalpolitik;Warum die Konjunkturkomponente ihren Zweck nicht mehr erfüllt;die-konjunkturkomponente-wurde-angepasst;26.07.2024;fiskalpolitik;Die Konjunkturkomponente wurde angepasst - ein guter Anfang und noch Luft nach oben;hoch;Konjunkturkomponente angepasst (Folge der Analyse);nein;neu;
weiterentwicklung-europaeische-fiskalregeln;05.05.2022;fiskalpolitik;Zur Weiterentwicklung der europäischen Fiskalregeln;introductory-statement-at-the-econ-committee;30.11.2022;fiskalpolitik;Introductory Statement at the ECON Committee: On Shrinking the Public Balance Sheet and the Use of Debt Sustainability Analyses;hoch;ECON Committee Statement zu EU-Fiskalregeln;nein;neu;
introductory-statement-at-the-econ-committee;30.11.2022;fiskalpolitik;Introductory Statement at the ECON Committee: On Shrinking the Public Balance Sheet and the Use of Debt Sustainability Analyses;statement-european-parliamentary-week-2023;28.02.2023;fiskalpolitik;Reforming EU economic governance - Statement at the European Parliamentary Week 2023;hoch;European Parliamentary Week Statement;nein;neu;
effekte-staatlicher-beteiligungen-auf-den-stromnetzausbau;2024-12-01;infra;Effekte staatlicher Beteiligungen auf den Stromübertragungsnetzausbau;eine-neue-deutsche-finanzpolitik;2021-06-01;fiskalpolitik;Eine neue deutsche Finanzpolitik;hoch;;ja;;
